{
    "kengkeng016": 5.05e+18,
    "dev_iiskysean": 2.43e+18,
    "nessie4youbrother": 4.86e+18,
    "mj355": 3.91e+18,
    "nick_games115": 4.0999999999999995e+18,
    "viniah_001": 1.95e+18,
    "carl_09808": 2.68e+18,
    "dark_asimo": 6.26e+18,
    "philxnics": 1.03e+18,
    "asemnololomoka122": 3.16e+18,
    "digitofan12508": 3.06e+18,
    "bacondpirate": 3.75e+18,
    "o7_acs1": 6.3e+18,
    "marcus1212pro": 1.1499999999999999e+18,
    "rodejkid": 6.02e+18,
    "zot012": 6.53e+18,
    "bolbol_us": 1.56e+18,
    "kdclbksdq": 2.5e+18,
    "tintinlimin35": 1.94e+18,
    "janolinojk12": 3.52e+18,
    "bigotachivalry": 9.6525e+17,
    "nwazg": 4.99e+18,
    "zabowjialt10": 5.07e+18,
    "iimarlon_uniquex": 1.45e+18,
    "lordgrimtzyyyy": 4.5e+18,
    "xyagamixnearx": 1.01e+18,
    "jerryonez2": 1.88e+18,
    "matrixgaming109": 5e+17,
    "hellabyu": 1.0800000000000001e+18,
    "boxlist": 1.67e+18,
    "nrxprofessorx": 3e+18,
    "cedcedjimix": 2.85e+18,
    "savag3pr": 2.58e+18,
    "peyaia": 4.38e+18,
    "pmills903(kicked)": 1.61e+18,
    "thestrike_12345": 3.21e+18
}